{"general-progress": 50.77579365079366, "mts-progress": 134.57142857142858, "phy-progress": 18.555555555555557, "mee-progress": 42.42857142857143, "bio-progress": 21.875, "gns1-progress": 69, "gns3-progress": 40, "che-progress": 29, "mts": {"sec-a": 140, "sec-b": 150, "sec-c": 130, "sec-d": 145, "sec-e": 137, "sec-f": 120, "sec-g": 120}, "phy": {"um": 40, "vs": 40, "ki": 30, "wp": 2, "pr": 0, "mw": 0, "nw": 0, "sd": 0, "rm": 55}, "mee": {"ge": 55, "po": 70, "ta": 70, "lo": 45, "pp": 30, "op": 27, "fs": 0}, "bio": {"bi": 40, "ec": 35, "ce": 50, "re": 30, "va": 15, "bp": 0, "af": 0, "vf": 5}, "gns1": {"tm": 90, "ss": 80, "wf": 90, "ps": 0, "nt": 85}, "gns3": {"c12": 40, "c34": 40, "c56": 40, "c78": 40}, "che": {"at": 34, "ea": 30, "ce": 10, "ck": 25, "tc": 35, "ec": 58, "ra": 40, "sl": 0}}